pid,func_name
990520,cnn_image_classification-0.0.1
994799,rodinia-pathfinder-0.0.1
997304,squeezenet-0.0.1
994068,squeezenet-0.0.1
990508,cnn_image_classification-0.0.1
997132,squeezenet-0.0.1
994042,squeezenet-0.0.1
990532,cnn_image_classification-0.0.1
990499,cnn_image_classification-0.0.1
996977,rodinia-needle-0.0.1
991393,rodinia-myocyte-0.0.1
990530,cnn_image_classification-0.0.1
998504,rodinia-lud_cuda-0.0.1
994056,squeezenet-0.0.1
997319,squeezenet-0.0.1
997342,squeezenet-0.0.1
994039,squeezenet-0.0.1
990511,cnn_image_classification-0.0.1
994033,squeezenet-0.0.1
994416,squeezenet-0.0.1
994064,squeezenet-0.0.1
994436,squeezenet-0.0.1
990493,cnn_image_classification-0.0.1
994027,squeezenet-0.0.1
995548,rodinia-lud_cuda-0.0.1
997305,squeezenet-0.0.1
990503,cnn_image_classification-0.0.1
994300,squeezenet-0.0.1
994030,squeezenet-0.0.1
992259,rodinia-lud_cuda-0.0.1
995438,rodinia-pathfinder-0.0.1
994407,squeezenet-0.0.1
997334,squeezenet-0.0.1
990496,cnn_image_classification-0.0.1
994421,squeezenet-0.0.1
994050,squeezenet-0.0.1
994025,squeezenet-0.0.1
997306,squeezenet-0.0.1
994408,squeezenet-0.0.1
991016,float_operation-0.0.1
994402,squeezenet-0.0.1
994053,squeezenet-0.0.1
998716,model_training-0.0.1
994399,squeezenet-0.0.1
993986,squeezenet-0.0.1
997328,squeezenet-0.0.1
998005,rodinia-needle-0.0.1
990495,cnn_image_classification-0.0.1
992764,rodinia-pathfinder-0.0.1
994412,squeezenet-0.0.1
990518,cnn_image_classification-0.0.1
996026,rodinia-pathfinder-0.0.1
997309,squeezenet-0.0.1
997340,squeezenet-0.0.1
990498,cnn_image_classification-0.0.1
994422,squeezenet-0.0.1
990533,cnn_image_classification-0.0.1
990500,cnn_image_classification-0.0.1
994384,rodinia-lud_cuda-0.0.1
992814,rodinia-pathfinder-0.0.1
994417,squeezenet-0.0.1
994439,squeezenet-0.0.1
997320,squeezenet-0.0.1
997343,squeezenet-0.0.1
993804,dd-0.0.1
994060,squeezenet-0.0.1
994437,squeezenet-0.0.1
991776,model_training-0.0.1
994136,squeezenet-0.0.1
997302,squeezenet-0.0.1
997308,squeezenet-0.0.1
997323,squeezenet-0.0.1
990536,cnn_image_classification-0.0.1
994036,squeezenet-0.0.1
994043,squeezenet-0.0.1
990524,cnn_image_classification-0.0.1
992527,rodinia-lud_cuda-0.0.1
990534,cnn_image_classification-0.0.1
994419,squeezenet-0.0.1
992911,rodinia-lud_cuda-0.0.1
990509,cnn_image_classification-0.0.1
996310,rodinia-pathfinder-0.0.1
997321,squeezenet-0.0.1
997939,rodinia-needle-0.0.1
990497,cnn_image_classification-0.0.1
997344,squeezenet-0.0.1
994069,squeezenet-0.0.1
997300,squeezenet-0.0.1
998127,rodinia-lud_cuda-0.0.1
994438,squeezenet-0.0.1
990365,hello-0.0.1
995872,rodinia-lud_cuda-0.0.1
997336,squeezenet-0.0.1
994420,squeezenet-0.0.1
994423,squeezenet-0.0.1
994122,rodinia-lud_cuda-0.0.1
994041,squeezenet-0.0.1
996501,lin_pack-0.0.1
990908,image_processing-0.0.1
997303,squeezenet-0.0.1
990492,cnn_image_classification-0.0.1
999210,rodinia-lud_cuda-0.0.1
997337,squeezenet-0.0.1
998181,rodinia-needle-0.0.1
994398,squeezenet-0.0.1
990491,cnn_image_classification-0.0.1
994410,squeezenet-0.0.1
994035,squeezenet-0.0.1
995142,rodinia-pathfinder-0.0.1
994427,squeezenet-0.0.1
994431,squeezenet-0.0.1
994066,squeezenet-0.0.1
990516,cnn_image_classification-0.0.1
997335,squeezenet-0.0.1
997754,rodinia-pathfinder-0.0.1
994047,squeezenet-0.0.1
997316,squeezenet-0.0.1
994396,squeezenet-0.0.1
994434,squeezenet-0.0.1
994061,squeezenet-0.0.1
997332,squeezenet-0.0.1
996633,model_training-0.0.1
990502,cnn_image_classification-0.0.1
997339,squeezenet-0.0.1
990075,rodinia-lavamd-0.0.1
994403,squeezenet-0.0.1
994415,squeezenet-0.0.1
994054,squeezenet-0.0.1
994059,squeezenet-0.0.1
994031,squeezenet-0.0.1
994058,squeezenet-0.0.1
997301,squeezenet-0.0.1
994023,squeezenet-0.0.1
997326,squeezenet-0.0.1
997346,rodinia-pathfinder-0.0.1
994029,squeezenet-0.0.1
990501,cnn_image_classification-0.0.1
994435,squeezenet-0.0.1
997074,squeezenet-0.0.1
994048,squeezenet-0.0.1
994425,squeezenet-0.0.1
990522,cnn_image_classification-0.0.1
994062,squeezenet-0.0.1
994426,squeezenet-0.0.1
990525,cnn_image_classification-0.0.1
992377,pyaes-0.0.1
990515,cnn_image_classification-0.0.1
990494,cnn_image_classification-0.0.1
990504,cnn_image_classification-0.0.1
991472,squeezenet-0.0.1
990507,cnn_image_classification-0.0.1
990505,cnn_image_classification-0.0.1
990523,cnn_image_classification-0.0.1
997318,squeezenet-0.0.1
997322,squeezenet-0.0.1
994051,squeezenet-0.0.1
992216,rodinia-lud_cuda-0.0.1
994032,squeezenet-0.0.1
991643,rodinia-pathfinder-0.0.1
994405,squeezenet-0.0.1
994397,squeezenet-0.0.1
994424,squeezenet-0.0.1
994028,squeezenet-0.0.1
994432,squeezenet-0.0.1
997338,squeezenet-0.0.1
990527,cnn_image_classification-0.0.1
994574,rodinia-lud_cuda-0.0.1
994055,squeezenet-0.0.1
993651,dd-0.0.1
991855,dd-0.0.1
994429,squeezenet-0.0.1
997317,squeezenet-0.0.1
990700,rodinia-lud_cuda-0.0.1
990418,cnn_image_classification-0.0.1
990529,cnn_image_classification-0.0.1
994082,rodinia-lud_cuda-0.0.1
990528,cnn_image_classification-0.0.1
990506,cnn_image_classification-0.0.1
990848,rodinia-needle-0.0.1
997333,squeezenet-0.0.1
997313,squeezenet-0.0.1
994040,squeezenet-0.0.1
997331,squeezenet-0.0.1
991254,chameleon-0.0.1
998141,rodinia-lud_cuda-0.0.1
991160,gzip_compression-0.0.1
994052,squeezenet-0.0.1
990564,pyaes-0.0.1
994430,squeezenet-0.0.1
997671,rodinia-pathfinder-0.0.1
994393,squeezenet-0.0.1
997341,squeezenet-0.0.1
997299,squeezenet-0.0.1
990514,cnn_image_classification-0.0.1
990612,torch_rnn-0.0.1
997298,squeezenet-0.0.1
992054,gzip_compression-0.0.1
990512,cnn_image_classification-0.0.1
994394,squeezenet-0.0.1
996096,rodinia-pathfinder-0.0.1
997329,squeezenet-0.0.1
995043,rodinia-pathfinder-0.0.1
997315,squeezenet-0.0.1
994026,squeezenet-0.0.1
994406,squeezenet-0.0.1
990521,cnn_image_classification-0.0.1
994065,squeezenet-0.0.1
994038,squeezenet-0.0.1
997310,squeezenet-0.0.1
994428,squeezenet-0.0.1
990513,cnn_image_classification-0.0.1
994044,squeezenet-0.0.1
996303,rodinia-lud_cuda-0.0.1
990535,cnn_image_classification-0.0.1
997330,squeezenet-0.0.1
990531,cnn_image_classification-0.0.1
993007,rodinia-lud_cuda-0.0.1
990519,cnn_image_classification-0.0.1
992657,rodinia-lud_cuda-0.0.1
994404,squeezenet-0.0.1
990490,cnn_image_classification-0.0.1
994057,squeezenet-0.0.1
994067,squeezenet-0.0.1
994024,squeezenet-0.0.1
990510,cnn_image_classification-0.0.1
993926,squeezenet-0.0.1
997311,squeezenet-0.0.1
997312,squeezenet-0.0.1
994401,squeezenet-0.0.1
994046,squeezenet-0.0.1
991346,lin_pack-0.0.1
992282,gzip_compression-0.0.1
994433,squeezenet-0.0.1
997314,squeezenet-0.0.1
994400,squeezenet-0.0.1
993448,rodinia-lud_cuda-0.0.1
990151,rodinia-srad-0.0.1
990517,cnn_image_classification-0.0.1
994411,squeezenet-0.0.1
996210,rodinia-pathfinder-0.0.1
994034,squeezenet-0.0.1
994049,squeezenet-0.0.1
997307,squeezenet-0.0.1
994409,squeezenet-0.0.1
994395,squeezenet-0.0.1
994414,squeezenet-0.0.1
994045,squeezenet-0.0.1
994037,squeezenet-0.0.1
997325,squeezenet-0.0.1
993554,rodinia-lud_cuda-0.0.1
994413,squeezenet-0.0.1
997324,squeezenet-0.0.1
994063,squeezenet-0.0.1
990526,cnn_image_classification-0.0.1
990440,cnn_image_classification-0.0.1
999053,rodinia-pathfinder-0.0.1
997327,squeezenet-0.0.1
994418,squeezenet-0.0.1
